Company,Website Homepage,Company About Us/ Overview,Career Page,,,,,,,,,,,,,,,,,
Boeing,https://www.boeing.com/,https://www.boeing.com/company/,https://jobs.boeing.com/internships,,,,,,,,,,,,,,,,,
Lockheed Martin,https://www.lockheedmartin.com/en-us/index.html,https://www.lockheedmartin.com/en-us/who-we-are.html,https://www.lockheedmartinjobs.com/college-students,,,,,,,,,,,,,,,,,
GE Aviation,https://www.geaviation.com/,https://www.geaviation.com/company,https://jobs.gecareers.com/aviation/global/en/aviation-students-graduates,,,,,,,,,,,,,,,,,
Northrop Grumman,https://www.northropgrumman.com/,https://www.northropgrumman.com/who-we-are/,https://www.northropgrumman.com/careers/students-and-entry-level-careers-start-a-career-of-purpose/,,,,,,,,,,,,,,,,,
Raytheon,https://www.rtx.com/,https://www.rtx.com/Our-Company/What-we-do,https://www.rtx.com/Careers/overview,,,,,,,,,,,,,,,,,
SpaceX,https://www.spacex.com/,https://www.spacex.com/mission/,https://www.spacex.com/careers/,,,,,,,,,,,,,,,,,
NASA,https://www.nasa.gov/,https://www.nasa.gov/about/index.html,https://www.nasa.gov/careers,,,,,,,,,,,,,,,,,
Airbus,https://www.airbus.com/,https://www.airbus.com/company.html,https://www.airbus.com/careers/students-graduates.html,,,,,,,,,,,,,,,,,
Acubed,https://acubed.airbus.com/,https://acubed.airbus.com/about-us/,https://acubed.airbus.com/careers/,,,,,,,,,,,,,,,,,
Embraer,https://embraer.com/global/en,https://embraer.com/global/en/about-us,https://embraer.com/global/en/join-us,,,,,,,,,,,,,,,,,
Bombardier,https://www.bombardier.com/en/home.html,https://www.bombardier.com/en/about-us.html,https://careers.bombardier.com/students-graduates-overview,,,,,,,,,,,,,,,,,
Virgin Galactic,https://www.virgingalactic.com/,https://www.virgingalactic.com/mission/,https://careers-virgingalactic.icims.com/jobs/intro,,,,,,,,,,,,,,,,,
Virgin Orbit,https://virginorbit.com/,https://virginorbit.com/vision/,https://careers-virginorbit.icims.com/jobs/search?hashed=-626007922&mobile=false&width=1168&height=500&bga=true&needsRedirect=false&jan1offset=-480&jun1offset=-420,,,,,,,,,,,,,,,,,P
Blue Origin,https://www.blueorigin.com/,https://www.blueorigin.com/our-mission,https://www.blueorigin.com/careers,,,,,,,,,,,,,,,,,
Maxar Technologies,https://www.maxar.com/,https://www.maxar.com/about,https://digitalglobe.wd1.myworkdayjobs.com/MAXAR?utm_source=Maxar-careers&utm_medium=website,,,,,,,,,,,,,,,,,
Delta,https://www.delta.com/,https://www.delta.com/us/en/about-delta/overview,https://www.delta.com/us/en/careers/overview,,,,,,,,,,,,,,,,,
American Airlines,https://www.aa.com/homePage.do,https://www.aa.com/i18n/customer-service/about-us/about-us.jsp?anchorEvent=false&from=footer,https://jobs.aa.com/,,,,,,,,,,,,,,,,,
Alaska Airlines,https://www.alaskaair.com/,https://www.alaskaair.com/content/about-us,https://alaskaair.jobs/,,,,,,,,,,,,,,,,,
Hawaiin Airlines,https://www.hawaiianairlines.com/,https://www.hawaiianairlines.com/about-us,https://www.hawaiianairlines.com/careers,,,,,,,,,,,,,,,,,
Southwest,https://www.southwest.com/,https://www.southwest.com/html/about-southwest/index.html?clk=GFOOTER-ABOUT-ABOUT,https://careers.southwestair.com/,,,,,,,,,,,,,,,,,
Frontier,https://www.flyfrontier.com/,https://www.flyfrontier.com/about-us/,https://www.flyfrontier.com/careers/,,,,,,,,,,,,,,,,,
Allegiant Air,https://www.allegiantair.com/,https://www.allegiantair.com/about-allegiant,https://www.allegiantair.com/careers/home-page,,,,,,,,,,,,,,,,,
JetBlue,https://www.jetblue.com/,https://www.jetblue.com/our-company,https://careers.jetblue.com/,,,,,,,,,,,,,,,,,
Easyjet,https://www.easyjet.com/en,https://corporate.easyjet.com/default.aspx,https://careers.easyjet.com/,,,,,,,,,,,,,,,,,
Spirit,https://careers.easyjet.com/,https://www.spirit.com/about-us,https://careers.spirit.com/careers-home/,,,,,,,,,,,,,,,,,
Qatar Airways,https://www.qatarairways.com/en-us/homepage.html,https://www.qatarairways.com/en-us/about-qatar-airways.html,https://careers.qatarairways.com/global/en,,,,,,,,,,,,,,,,,
Singapore Airlines,https://www.singaporeair.com/en_UK/us/home#/book/bookflight,https://www.singaporeair.com/en_UK/us/careers/why-join-us/,https://www.singaporeair.com/en_UK/us/careers/students-internship/,,,,,,,,,,,,,,,,,
ANA Airways,https://www.ana.co.jp/en/us/,https://www.ana.co.jp/group/en/about-us/,https://www.ana.co.jp/en/us/the-ana-experience/about-ana/employ/,,,,,,,,,,,,,,,,,
Cathay Pacific Airways,https://www.cathaypacific.com/cx/en_US.html,https://www.cathaypacific.com/cx/en_US/about-us.html,https://careers.cathaypacific.com/,,,,,,,,,,,,,,,,,
Emirates,https://www.emirates.com/us/english/,https://www.emirates.com/us/english/about-us/,https://www.emiratesgroupcareers.com/,,,,,,,,,,,,,,,,,
EVA Air,https://www.ryanair.com/us/en,https://corporate.ryanair.com/,https://careers.ryanair.com/,,,,,,,,,,,,,,,,,
Garuda Airlines,https://www.garuda-indonesia.com/other-countries/en/index,https://www.garuda-indonesia.com/other-countries/en/corporate-partners/corporate-index,https://career.garuda-indonesia.com/home,,,,,,,,,,,,,,,,,
Air New Zealand,https://www.airnewzealand.com/,https://www.airnewzealand.com/about-air-new-zealand,https://careers.airnewzealand.co.nz/?source=CO,,,,,,,,,,,,,,,,,
Bangkok Airways,https://www.bangkokair.com/,https://www.bangkokair.com/about-us,https://career10.successfactors.com/career?company=bangkokair,,,,,,,,,,,,,,,,,
Austrian Airlines,https://www.austrian.com/us/en/homepage,https://www.austrian.com/us/en/company,https://www.austrianairlines.ag/JobsCareer.aspx?sc_lang=de,,,,,,,,,,,,,,,,,
Qantas,https://www.qantas.com/us/en.html,https://www.qantas.com/us/en/qantas-group.html,https://www.qantas.com/us/en/about-us/qantas-careers.html,,,,,,,,,,,,,,,,,
Swiss Air,https://www.swiss.com/ch/en,https://www.swiss.com/corporate/EN/company/about-us/company-profile,https://www.swiss.com/corporate/EN/careers,,,,,,,,,,,,,,,,,
Virgin Atlantic,https://www.virginatlantic.com/,https://corporate.virginatlantic.com/gb/en/our-story.html,https://careersuk.virgin-atlantic.com/,,,,,,,,,,,,,,,,,
Virgin Australia,https://www.virginaustralia.com/us/en/,https://www.virginaustralia.com/us/en/about-us/company-overview/,https://www.virginaustralia.com/us/en/about-us/careers/,,,,,,,,,,,,,,,,,
KLM Royal Dutch Airlines,https://www.klm.com/home/us/en,https://blog.klm.com/,https://careers.klm.com/,,,,,,,,,,,,,,,,,
Luftthansa ,https://www.lufthansa.com/us/en/homepage,https://www.lufthansa.com/us/en/lufthansa-group-star-alliance-and-partner-airlines,https://www.be-lufthansa.com/en,,,,,,,,,,,,,,,,,
China Airlines,https://www.china-airlines.com/us/en,https://www.china-airlines.com/us/en/about-us/index,https://www.china-airlines.com/us/en/career/index,,,,,,,,,,,,,,,,,
British Airways,https://www.britishairways.com/travel/home/public/en_us/,https://www.britishairways.com/en-us/information/about-ba?source=BOT_about_ba,https://careers.ba.com/,,,,,,,,,,,,,,,,,
Air France,https://www.airfrance.us/,https://corporate.airfrance.com/en/company,https://www.airfrance.us/US/en/local/toutsurairfrance/emploi/career_available_positions.htm,,,,,,,,,,,,,,,,,
Air Canada,https://www.aircanada.com/us/en/aco/home.html,https://www.aircanada.com/en/about/community/foundation/index.html,https://www.aircanada.com/us/en/aco/home/about/careers.html,,,,,,,,,,,,,,,,,
Fiji Airways,https://www.fijiairways.com/en-fj/?utm_source=browser,https://www.fijiairways.com/en-fj/about-fiji-airways/our-history/,https://www.fijiairways.com/en-fj/about-fiji-airways/our-team/,,,,,,,,,,,,,,,,,
Air Asia,https://www.airasia.com/en/gb,https://newsroom.airasia.com/,https://careers.airasia.com/,,,,,,,,,,,,,,,,,
Air India,http://www.airindia.in/,http://www.airindia.in/about-airindia.htm,http://www.airindia.in/careers.htm,,,,,,,,,,,,,,,,,
WestJet,https://www.westjet.com/en-us/index,https://www.westjet.com/en-us/about-us/index,https://career4.successfactors.com/career?company=WestJet&site=VjItUnUyR1hvaHNudXZSOFFoaDZWYUtYQT09,,,,,,,,,,,,,,,,,
RyanAir,https://www.ryanair.com/us/en,https://corporate.ryanair.com/,https://careers.ryanair.com/,,,,,,,,,,,,,,,,,
BAE Systems (US Based),https://www.baesystems.com/en/home,https://www.baesystems.com/en/our-company/about-us,https://jobs.baesystems.com/global/en,,,,,,,,,,,,,,,,,
BAE Systems (Global),https://www.baesystems.com/en/home,https://www.baesystems.com/en/our-company/about-us,https://www.baesystems.com/en/careers,,,,,,,,,,,,,,,,,
Loft Orbital,https://www.loftorbital.com/,https://www.loftorbital.com/#about,https://www.loftorbital.com/careers,,,,,,,,,,,,,,,,,
Made in Space Inc.,https://madeinspace.us/,https://madeinspace.us/about/,https://madeinspace.us/careers/,,,,,,,,,,,,,,,,,
Planet Labs,https://www.planet.com/,https://www.planet.com/company/approach/,https://www.planet.com/company/careers/,,,,,,,,,,,,,,,,,
Astranis,https://www.astranis.com/,https://www.astranis.com/team,https://www.astranis.com/careers,,,,,,,,,,,,,,,,,
Astra ,https://astra.com/,https://astra.com/welcome/,https://astra.com/careers/,,,,,,,,,,,,,,,,,
Accion Systems,https://accion-systems.com/,https://accion-systems.com/about-accion/,https://accion-systems.com/about-accion/careers/,,,,,,,,,,,,,,,,,
Hiber,https://hiber.global/,https://hiber.global/about/,https://hiber.recruitee.com/,,,,,,,,,,,,,,,,,
Xplore,https://www.xplore.com/,https://www.xplore.com/press.html,https://www.xplore.com/careers.html,,,,,,,,,,,,,,,,,
Infinite Composites Technologies,https://www.infinitecomposites.com/,https://www.infinitecomposites.com/about-us,https://www.infinitecomposites.com/careers,,,,,,,,,,,,,,,,,
Viasat,https://www.viasat.com/,https://www.viasat.com/about,https://careers.viasat.com/,,,,,,,,,,,,,,,,,
PowerMarket,https://powermarket.io/,https://powermarket.io/about.html,https://powermarket.io/solarScholars.html,,,,,,,,,,,,,,,,,
D-Orbit,https://www.dorbit.space/,https://www.dorbit.space/about-us,https://www.dorbit.space/careers,,,,,,,,,,,,,,,,,
Altius Space Machines,https://altius-space.com/,https://altius-space.com/story.html,https://altius-space.com/careers.html,,,,,,,,,,,,,,,,,
Final Fronteir Design,http://www.finalfrontierdesign.com/what-we-make,http://www.finalfrontierdesign.com/research-development,http://www.finalfrontierdesign.com/contact,,,,,,,,,,,,,,,,,
Momentus,https://momentus.space/,https://momentus.space/vision/,https://jobs.lever.co/momentusspace,,,,,,,,,,,,,,,,,
Skylo,https://www.skylo.tech/,https://www.skylo.tech/solutions,https://www.skylo.tech/solutions#Contact,,,,,,,,,,,,,,,,,
Spire,https://spire.com/,https://spire.com/about-us/,https://spire.com/careers/,,,,,,,,,,,,,,,,,
SpinLaunch,https://www.spinlaunch.com/,https://en.wikipedia.org/wiki/SpinLaunch,https://boards.greenhouse.io/spinlaunch,,,,,,,,,,,,,,,,,
Capella Space,https://www.capellaspace.com/,https://www.capellaspace.com/about-us/,https://www.capellaspace.com/contact/,,,,,,,,,,,,,,,,,
Moon Express,https://moonexpress.com/,https://moonexpress.com/,https://moonexpress.com/,,,,,,,,,,,,,,,,,
Aaris Composites,https://arriscomposites.com/,https://arriscomposites.com/about/,https://arriscomposites.com/jobs/,,,,,,,,,,,,,,,,,
Astro Digital,https://astrodigital.com/,https://astrodigital.com/services,https://astrodigital.com/careers,,,,,,,,,,,,,,,,,
Rolls Royce Engines,https://www.rolls-royce.com/products-and-services/civil-aerospace.aspx,https://www.rolls-royce.com/products-and-services/defence/aerospace.aspx,https://careers.rolls-royce.com/usa,,,,,,,,,,,,,,,,,
Collins Aerospace,https://www.collinsaerospace.com/en,https://www.collinsaerospace.com/what-we-do,https://jobs.collinsaerospace.com/,,,,,,,,,,,,,,,,,
Honeywell Aerospace,https://aerospace.honeywell.com/en,https://aerospace.honeywell.com/en/learn/about-us/about-honeywell-aerospace,https://careers.honeywell.com/us/en/,,,,,,,,,,,,,,,,,
Aerojet Rocketdyne,https://www.rocket.com/,https://www.rocket.com/who-we-are,https://www.rocket.com/students,,,,,,,,,,,,,,,,,
Pratt & Whitney,https://prattwhitney.com/,https://prattwhitney.com/company/about-pratt-and-whitney,https://prattwhitney.com/careers,,,,,,,,,,,,,,,,,
L3Harris,https://www.l3harris.com/,https://www.l3harris.com/about-us,https://www.l3harris.com/careers,,,,,,,,,,,,,,,,,
Universal Avionics,https://www.uasc.com/home,http://www.uasc.com/home/company/about-us,https://uasccareers.silkroad.com/,,,,,,,,,,,,,,,,,
Safran,https://www.safran-group.com/,https://www.safran-group.com/group-0#1,https://www.safran-group.com/students/Student,,,,,,,,,,,,,,,,,
Thales Group,https://www.thalesgroup.com/en,https://www.thalesgroup.com/en/global/about-us,https://www.thalesgroup.com/en/career,,,,,,,,,,,,,,,,,
Dassault Aviation,https://www.dassault-aviation.com/en/,https://www.dassault-aviation.com/en/group/about-us/,https://www.dassault-aviation.com/en/group/careers/,,,,,,,,,,,,,,,,,
Elbit Systems,https://elbitsystems.com/,https://elbitsystems.com/about-us-introduction/,https://elbitsystems.com/careers/,,,,,,,,,,,,,,,,,
Spirit Aerosystems,https://www.spiritaero.com/,https://www.spiritaero.com/company/overview/overview,https://www.spiritaero.com/careers/careers-overview/,,,,,,,,,,,,,,,,,
Masten Space Systems,https://www.masten.aero/,https://www.masten.aero/company,https://www.masten.aero/fulltime,,,,,,,,,,,,,,,,,
Abl Space Systems,https://ablspacesystems.com/,https://ablspacesystems.com/company/,https://ablspacesystems.com/company/,,,,,,,,,,,,,,,,,
Relativity,https://www.relativityspace.com/,https://www.relativityspace.com/mission,https://www.relativityspace.com/careers,,,,,,,,,,,,,,,,,
Firefly Aerospace,https://firefly.com/,https://firefly.com/about/,https://firefly.com/careers/,,,,,,,,,,,,,,,,,
Rocket Lab,https://www.rocketlabusa.com/,https://www.rocketlabusa.com/about-us/,https://www.rocketlabusa.com/careers/positions/,,,,,,,,,,,,,,,,,
Airbus Vahana,https://acubed.airbus.com/projects/vahana/,https://acubed.airbus.com/about-us/,https://acubed.airbus.com/careers/,,,,,,,,,,,,,,,,,
Aurora eVTOL,"https://www.aurora.aero/pav-evtol-passenger-air-vehicle/#:~:text=PAV%20is%20an%20eVTOL%20(electric,safer%2C%20quieter%2C%20and%20cleaner.&text=PAV%20is%20able%20to%20autonomously,detect%20and%20avoid%20unexpected%20obstacles.",https://www.aurora.aero/about-aurora/,https://www.aurora.aero/careers/,,,,,,,,,,,,,,,,,
Bell Flight,https://www.bellflight.com/products/bell-nexus,https://www.bellflight.com/company/about,https://www.bellflight.com/company/careers,,,,,,,,,,,,,,,,,
Kittyhawk,https://kittyhawk.aero/,https://kittyhawk.aero/press/,https://kittyhawk.aero/careers/,,,,,,,,,,,,,,,,,
Ehang,https://www.ehang.com/ehangaav,https://www.ehang.com/about/,https://www.ehang.com/hr/,,,,,,,,,,,,,,,,,
Joby Aviation,https://www.jobyaviation.com/,https://www.jobyaviation.com/#about,https://careers-jobyaviation.icims.com/jobs/intro?hashed=-625979065&mobile=false&width=1140&height=500&bga=true&needsRedirect=false&jan1offset=-480&jun1offset=-420,,,,,,,,,,,,,,,,,
Lilium Jet,https://lilium.com/the-jet,https://lilium.com/about-us,https://lilium.com/careers,,,,,,,,,,,,,,,,,
Volocopter,https://www.volocopter.com/en/,https://www.volocopter.com/en/company/,https://www.volocopter.com/en/career/,,,,,,,,,,,,,,,,,
Moog,https://www.moog.com/innovation/aircraft/SureFly.html,https://www.moog.com/news.html,https://www.moog.careers/,,,,,,,,,,,,,,,,,
Opener,https://www.opener.aero/,https://www.opener.aero/about-us/,https://www.opener.aero/careers/,,,,,,,,,,,,,,,,,
Overair,https://overair.com/,https://evtol.news/karem-butterfly/,https://overair.com/jobs,,,,,,,,,,,,,,,,,
EmbraerX,https://embraerx.embraer.com/global/en,https://embraerx.embraer.com/global/en/about,https://embraer.com/global/en/join-us,,,,,,,,,,,,,,,,,
Pipistrel eVTOL,https://www.pipistrel-aircraft.com/,https://www.pipistrel-aircraft.com/about-us/,https://www.pipistrel-aircraft.com/jobs/,,,,,,,,,,,,,,,,,
Arcturus UAV,https://arcturus-uav.com/,https://arcturus-uav.com/products,https://arcturus-uav.com/careers,,,,,,,,,,,,,,,,,
,,,,,,,,,,,,,,,,,,,,
Private Jet:,,,,,,,,,,,,,,,,,,,,
TAG Aviation,https://www.tagaviation.com/en/,https://www.tagaviation.com/en/about-us/,https://www.tagaviation.com/en/about-us/our-jobs/,,,,,,,,,,,,,,,,,
